SK_ID_CURR,TARGET,NAME_CONTRACT_TYPE,CODE_GENDER,FLAG_OWN_CAR,FLAG_OWN_REALTY,CNT_CHILDREN,AMT_INCOME_TOTAL,AMT_CREDIT,AMT_ANNUITY,AMT_GOODS_PRICE,NAME_TYPE_SUITE,NAME_INCOME_TYPE,NAME_EDUCATION_TYPE,NAME_FAMILY_STATUS,NAME_HOUSING_TYPE,REGION_POPULATION_RELATIVE,DAYS_BIRTH,DAYS_EMPLOYED,DAYS_REGISTRATION,DAYS_ID_PUBLISH,OWN_CAR_AGE,FLAG_MOBIL,FLAG_EMP_PHONE,FLAG_WORK_PHONE,FLAG_CONT_MOBILE,FLAG_PHONE,FLAG_EMAIL,OCCUPATION_TYPE,CNT_FAM_MEMBERS,REGION_RATING_CLIENT,REGION_RATING_CLIENT_W_CITY,WEEKDAY_APPR_PROCESS_START,HOUR_APPR_PROCESS_START,REG_REGION_NOT_LIVE_REGION,REG_REGION_NOT_WORK_REGION,LIVE_REGION_NOT_WORK_REGION,REG_CITY_NOT_LIVE_CITY,REG_CITY_NOT_WORK_CITY,LIVE_CITY_NOT_WORK_CITY,ORGANIZATION_TYPE,EXT_SOURCE_1,EXT_SOURCE_2,EXT_SOURCE_3,APARTMENTS_AVG,BASEMENTAREA_AVG,YEARS_BEGINEXPLUATATION_AVG,YEARS_BUILD_AVG,COMMONAREA_AVG,ELEVATORS_AVG,ENTRANCES_AVG,FLOORSMAX_AVG,FLOORSMIN_AVG,LANDAREA_AVG,LIVINGAPARTMENTS_AVG,LIVINGAREA_AVG,NONLIVINGAPARTMENTS_AVG,NONLIVINGAREA_AVG,APARTMENTS_MODE,BASEMENTAREA_MODE,YEARS_BEGINEXPLUATATION_MODE,YEARS_BUILD_MODE,COMMONAREA_MODE,ELEVATORS_MODE,ENTRANCES_MODE,FLOORSMAX_MODE,FLOORSMIN_MODE,LANDAREA_MODE,LIVINGAPARTMENTS_MODE,LIVINGAREA_MODE,NONLIVINGAPARTMENTS_MODE,NONLIVINGAREA_MODE,APARTMENTS_MEDI,BASEMENTAREA_MEDI,YEARS_BEGINEXPLUATATION_MEDI,YEARS_BUILD_MEDI,COMMONAREA_MEDI,ELEVATORS_MEDI,ENTRANCES_MEDI,FLOORSMAX_MEDI,FLOORSMIN_MEDI,LANDAREA_MEDI,LIVINGAPARTMENTS_MEDI,LIVINGAREA_MEDI,NONLIVINGAPARTMENTS_MEDI,NONLIVINGAREA_MEDI,FONDKAPREMONT_MODE,HOUSETYPE_MODE,TOTALAREA_MODE,WALLSMATERIAL_MODE,EMERGENCYSTATE_MODE,OBS_30_CNT_SOCIAL_CIRCLE,DEF_30_CNT_SOCIAL_CIRCLE,OBS_60_CNT_SOCIAL_CIRCLE,DEF_60_CNT_SOCIAL_CIRCLE,DAYS_LAST_PHONE_CHANGE,FLAG_DOCUMENT_2,FLAG_DOCUMENT_3,FLAG_DOCUMENT_4,FLAG_DOCUMENT_5,FLAG_DOCUMENT_6,FLAG_DOCUMENT_7,FLAG_DOCUMENT_8,FLAG_DOCUMENT_9,FLAG_DOCUMENT_10,FLAG_DOCUMENT_11,FLAG_DOCUMENT_12,FLAG_DOCUMENT_13,FLAG_DOCUMENT_14,FLAG_DOCUMENT_15,FLAG_DOCUMENT_16,FLAG_DOCUMENT_17,FLAG_DOCUMENT_18,FLAG_DOCUMENT_19,FLAG_DOCUMENT_20,FLAG_DOCUMENT_21,AMT_REQ_CREDIT_BUREAU_HOUR,AMT_REQ_CREDIT_BUREAU_DAY,AMT_REQ_CREDIT_BUREAU_WEEK,AMT_REQ_CREDIT_BUREAU_MON,AMT_REQ_CREDIT_BUREAU_QRT,AMT_REQ_CREDIT_BUREAU_YEAR
100286,1,Cash loans,M,Y,Y,1,121500.0,263686.5,17298.0,238500.0,"Spouse, partner",Working,Secondary / secondary special,Married,House / apartment,0.014464,-17847,-448,-3595.0,-1381,21.0,1,1,0,1,0,0,Drivers,3.0,2,2,SATURDAY,5,0,0,0,0,0,0,Business Entity Type 3,,0.7109249275557172,,,,,,,,,,,,,,,,,,,,,,,,,,,,,,,,,,,,,,,,,,,,,,,,,1.0,0.0,1.0,0.0,-238.0,0,1,0,0,0,0,0,0,0,0,0,0,0,0,0,0,0,0,0,0,0.0,0.0,0.0,0.0,0.0,0.0
101011,0,Cash loans,F,N,Y,0,112500.0,900000.0,26316.0,900000.0,Unaccompanied,Working,Secondary / secondary special,Married,House / apartment,0.02461,-19367,-1943,-13447.0,-2904,,1,1,1,1,1,0,,2.0,2,2,TUESDAY,15,0,0,0,0,0,0,Self-employed,,0.6896820998281358,0.2955826421513093,0.0845,,0.9747,,0.0098,0.0,0.1379,0.1667,,0.0703,0.0647,0.0652,0.0193,0.0173,0.0861,,0.9747,,0.0098,0.0,0.1379,0.1667,,0.072,0.0707,0.068,0.0195,0.0184,0.0854,,0.9747,,0.0098,0.0,0.1379,0.1667,,0.0716,0.0658,0.0664,0.0194,0.0177,,block of flats,0.0604,Block,No,0.0,0.0,0.0,0.0,-1290.0,0,1,0,0,0,0,0,0,0,0,0,0,0,0,0,0,0,0,0,0,0.0,0.0,0.0,0.0,2.0,1.0
109467,0,Cash loans,M,N,Y,1,562500.0,270000.0,25245.0,270000.0,Unaccompanied,Commercial associate,Higher education,Married,House / apartment,0.072508,-10815,-4248,-5211.0,-3458,,1,1,1,1,0,0,Core staff,3.0,1,1,FRIDAY,16,0,0,0,0,0,0,Trade: type 2,,0.7454628806819251,0.7675231046555077,0.3938,0.2063,0.9826,0.762,0.0598,0.64,0.2759,0.4583,0.5,0.0,0.3211,0.4005,0.0,0.0011,0.4013,0.2141,0.9826,0.7713,0.0603,0.6445,0.2759,0.4583,0.5,0.0,0.3508,0.4173,0.0,0.0011,0.3976,0.2063,0.9826,0.7652,0.0602,0.64,0.2759,0.4583,0.5,0.0,0.3266,0.4077,0.0,0.0011,reg oper account,block of flats,0.348,Panel,No,0.0,0.0,0.0,0.0,-1325.0,0,0,0,0,0,0,0,0,0,0,0,0,0,0,0,0,0,0,0,0,0.0,0.0,0.0,0.0,0.0,0.0
115438,0,Cash loans,F,Y,Y,0,157500.0,152820.0,16344.0,135000.0,Unaccompanied,Working,Incomplete higher,Married,House / apartment,0.018029,-19116,-5804,-8169.0,-2652,64.0,1,1,0,1,0,0,Laborers,2.0,3,3,FRIDAY,9,0,0,0,0,0,0,Business Entity Type 3,0.6835503227686891,0.5894353757708445,0.6785676886853644,0.0619,0.0712,0.9871,,,0.0,0.1379,0.1667,,0.0568,,0.057,,0.0,0.063,0.0739,0.9871,,,0.0,0.1379,0.1667,,0.0581,,0.0594,,0.0,0.0625,0.0712,0.9871,,,0.0,0.1379,0.1667,,0.0578,,0.0581,,0.0,,block of flats,0.0449,Panel,No,0.0,0.0,0.0,0.0,-596.0,0,1,0,0,0,0,0,0,0,0,0,0,0,0,0,0,0,0,0,0,0.0,0.0,0.0,0.0,0.0,1.0
118458,0,Cash loans,M,N,Y,0,112500.0,203760.0,13617.0,180000.0,Unaccompanied,Working,Secondary / secondary special,Single / not married,House / apartment,0.010276,-9952,-354,-4261.0,-2607,,1,1,0,1,0,0,Waiters/barmen staff,1.0,2,2,MONDAY,14,0,0,0,0,0,0,Business Entity Type 3,,0.7668892259229388,,0.074,0.0318,0.9806,0.7484,0.0085,0.01,0.1121,0.2083,0.25,0.0593,0.0599,0.0655,0.0019,0.0044,0.0725,0.0,0.9757,0.6798,0.0085,0.0,0.1379,0.1667,0.2083,0.0375,0.0624,0.0623,0.0,0.0,0.0734,0.0273,0.9796,0.7451,0.0085,0.0,0.1379,0.1667,0.2083,0.0593,0.0603,0.0645,0.0019,0.0032,reg oper account,block of flats,0.0491,"Stone, brick",No,1.0,0.0,1.0,0.0,-267.0,0,1,0,0,0,0,0,0,0,0,0,0,0,0,0,0,0,0,0,0,,,,,,
119045,0,Cash loans,M,Y,Y,0,202500.0,111384.0,8748.0,90000.0,Unaccompanied,Working,Secondary / secondary special,Married,House / apartment,0.030755,-10584,-2530,-212.0,-3264,8.0,1,1,0,1,0,0,Drivers,2.0,2,2,SUNDAY,12,0,0,0,0,0,0,Self-employed,,0.5780170142006292,0.5064842396679806,0.0165,,0.9737,,,0.0,0.069,0.0417,,,,0.0126,,0.0027,0.0168,,0.9737,,,0.0,0.069,0.0417,,,,0.0131,,0.0029,0.0167,,0.9737,,,0.0,0.069,0.0417,,,,0.0128,,0.0028,,block of flats,0.0105,"Stone, brick",No,1.0,0.0,1.0,0.0,-1883.0,0,1,0,0,0,0,0,0,0,0,0,0,0,0,0,0,0,0,0,0,0.0,0.0,0.0,0.0,0.0,6.0
127633,0,Cash loans,F,Y,Y,0,225000.0,679896.0,52744.5,630000.0,Unaccompanied,Commercial associate,Secondary / secondary special,Single / not married,House / apartment,0.04622,-17126,-5768,-5525.0,-688,6.0,1,1,0,1,0,0,Laborers,1.0,1,1,THURSDAY,15,0,1,1,0,0,0,Business Entity Type 2,,0.7613517291838071,,0.101,0.0465,0.9846,0.7892,0.0303,0.08,0.0345,0.5417,0.5833,,0.0824,0.0918,0.0,0.0,0.1029,0.0483,0.9846,0.7975,0.0306,0.0806,0.0345,0.5417,0.5833,,0.09,0.0957,0.0,0.0,0.102,0.0465,0.9846,0.792,0.0305,0.08,0.0345,0.5417,0.5833,,0.0838,0.0935,0.0,0.0,reg oper spec account,block of flats,0.0889,Panel,No,0.0,0.0,0.0,0.0,-1867.0,0,1,0,0,0,0,0,0,0,0,0,0,0,0,0,0,0,0,0,0,,,,,,
129637,0,Cash loans,M,N,N,0,49500.0,247500.0,12037.5,247500.0,Unaccompanied,Pensioner,Secondary / secondary special,Married,House / apartment,0.019101,-21559,365243,-2490.0,-2813,,1,0,0,1,1,0,,2.0,2,2,FRIDAY,9,0,0,0,0,0,0,XNA,,0.2563408234786258,0.6127042441012546,,,,,,,,,,,,,,,,,,,,,,,,,,,,,,,,,,,,,,,,,,,,,,,,1.0,0.0,1.0,0.0,-919.0,0,1,0,0,0,0,0,0,0,0,0,0,0,0,0,0,0,0,0,0,0.0,0.0,0.0,0.0,0.0,0.0
130316,0,Cash loans,F,Y,Y,0,225000.0,1078200.0,31653.0,900000.0,Unaccompanied,Commercial associate,Higher education,Married,House / apartment,0.018801,-15701,-3481,-2889.0,-4275,5.0,1,1,1,1,0,0,High skill tech staff,2.0,2,2,TUESDAY,13,0,0,0,0,0,0,Business Entity Type 3,0.8091959463318587,0.5380542803385404,,0.1639,,0.9945,,,0.16,0.069,0.6667,,,,0.2406,,0.0788,0.1669999999999999,,0.9945,,,0.1611,0.069,0.6667,,,,0.2507,,0.0834,0.1655,,0.9945,,,0.16,0.069,0.6667,,,,0.245,,0.0805,,block of flats,0.2564,,No,0.0,0.0,0.0,0.0,-2278.0,0,1,0,0,0,0,0,0,0,0,0,0,0,0,0,0,0,0,0,0,0.0,0.0,0.0,0.0,0.0,2.0
133035,0,Cash loans,F,Y,Y,1,103500.0,526491.0,29529.0,454500.0,Unaccompanied,Working,Higher education,Married,House / apartment,0.035792,-15413,-7377,-1170.0,-1783,6.0,1,1,0,1,0,0,Core staff,3.0,2,2,WEDNESDAY,11,0,0,0,0,1,1,School,,0.6731889034536185,0.7001838506835805,,,,,,,,,,,,,,,,,,,,,,,,,,,,,,,,,,,,,,,,,,,,,,,,1.0,0.0,1.0,0.0,-683.0,0,1,0,0,0,0,0,0,0,0,0,0,0,0,0,0,0,0,0,0,0.0,0.0,0.0,0.0,0.0,1.0
134201,0,Cash loans,F,N,N,0,112500.0,382500.0,30217.5,382500.0,Unaccompanied,Working,Secondary / secondary special,Separated,House / apartment,0.035792,-15194,-1531,-5532.0,-4336,,1,1,0,1,0,0,Security staff,1.0,2,2,FRIDAY,11,0,0,0,0,1,1,Security,,0.3301716630634588,0.5442347412142162,,,,,,,,,,,,,,,,,,,,,,,,,,,,,,,,,,,,,,,,,,,,,,,,1.0,0.0,1.0,0.0,-235.0,0,1,0,0,0,0,0,0,0,0,0,0,0,0,0,0,0,0,0,0,0.0,0.0,0.0,0.0,0.0,1.0
138144,0,Cash loans,F,Y,Y,1,148500.0,545040.0,39627.0,450000.0,Unaccompanied,Commercial associate,Secondary / secondary special,Married,House / apartment,0.020713,-14883,-2675,-222.0,-4998,14.0,1,1,0,1,0,0,High skill tech staff,3.0,3,2,TUESDAY,12,0,0,0,0,0,0,Industry: type 12,0.7190220853426215,0.4526694987282842,,0.1669999999999999,0.0955,0.9806,0.7348,0.0233,0.0,0.069,0.1667,0.2083,0.0083,0.1353,0.0521,0.0039,0.005,0.1702,0.0991,0.9806,0.7452,0.0235,0.0,0.069,0.1667,0.2083,0.0085,0.1478,0.0543,0.0039,0.0053,0.1686,0.0955,0.9806,0.7383,0.0235,0.0,0.069,0.1667,0.2083,0.0085,0.1377,0.0531,0.0039,0.0051,reg oper account,block of flats,0.0548,"Stone, brick",No,9.0,1.0,9.0,0.0,-1658.0,0,1,0,0,0,0,0,0,0,0,0,0,0,0,0,0,0,0,0,0,,,,,,
140901,0,Cash loans,F,N,N,0,67500.0,370107.0,15808.5,319500.0,Unaccompanied,Pensioner,Secondary / secondary special,Married,House / apartment,0.005144,-21076,365243,-449.0,-446,,1,0,0,1,0,0,,2.0,2,2,TUESDAY,15,0,0,0,0,0,0,XNA,,0.6345969422162787,0.5064842396679806,,,,,,,,,,,,,,,,,,,,,,,,,,,,,,,,,,,,,,,,,,,,,,,,2.0,0.0,2.0,0.0,-1080.0,0,0,0,0,1,0,0,0,0,0,0,0,0,0,0,0,0,0,0,0,0.0,0.0,0.0,1.0,0.0,5.0
141522,0,Cash loans,F,N,N,1,180000.0,331632.0,32800.5,315000.0,Unaccompanied,Commercial associate,Incomplete higher,Married,Municipal apartment,0.072508,-15653,-3305,-9727.0,-1564,,1,1,0,1,0,0,,3.0,1,1,WEDNESDAY,7,0,0,0,0,0,0,Business Entity Type 3,,0.7061017725338589,0.7076993447402619,0.2153,0.1396,0.9796,0.7212,0.0008,0.2664,0.1607,0.4167,0.4583,0.0,0.1747,0.2183,0.0045,0.002,0.1765,0.11,0.9796,0.7321,0.0,0.2417,0.1034,0.4583,0.5,0.0,0.1543,0.1916,0.0,0.0,0.1764,0.1085,0.9796,0.7249,0.0001,0.24,0.1034,0.4583,0.5,0.0,0.1437,0.1895,0.0039,0.0003,reg oper account,block of flats,0.2228,Panel,No,1.0,0.0,1.0,0.0,-1412.0,0,0,0,0,0,0,1,0,0,0,0,0,0,0,0,0,0,0,0,0,0.0,0.0,0.0,0.0,0.0,1.0
143410,0,Cash loans,M,Y,Y,0,180000.0,360000.0,35068.5,360000.0,Unaccompanied,Working,Secondary / secondary special,Married,House / apartment,0.032561,-16332,-1829,-3296.0,-3993,14.0,1,1,0,1,1,1,,2.0,1,1,MONDAY,10,0,0,0,0,0,0,Self-employed,0.4077505177587751,0.1673316673105274,0.7407990879702335,,,0.9796,,,,,,,,,0.0552,,,,,0.9796,,,,,,,,,0.0575,,,,,0.9796,,,,,,,,,0.0562,,,,,0.0727,,No,2.0,0.0,2.0,0.0,-3172.0,0,0,0,1,0,0,0,0,0,0,0,0,0,0,0,0,0,0,0,0,0.0,0.0,0.0,0.0,0.0,2.0
143577,0,Cash loans,M,N,Y,0,157500.0,605439.0,25780.5,481500.0,Unaccompanied,Working,Secondary / secondary special,Married,House / apartment,0.035792,-22835,-1653,-259.0,-5209,,1,1,0,1,0,0,Laborers,2.0,2,2,THURSDAY,10,0,0,0,0,0,0,Other,0.7004672183500164,0.6421438109614694,0.6006575372857061,,,,,,,,,,,,,,,,,,,,,,,,,,,,,,,,,,,,,,,,,,,,,,,,2.0,0.0,2.0,0.0,-1058.0,0,1,0,0,0,0,0,0,0,0,0,0,0,0,0,0,0,0,0,0,0.0,0.0,0.0,0.0,0.0,1.0
146268,0,Cash loans,M,Y,Y,2,387000.0,728460.0,53140.5,675000.0,Unaccompanied,Working,Higher education,Married,House / apartment,0.006305,-11285,-1616,-3012.0,-3671,21.0,1,1,0,1,0,0,Laborers,4.0,3,3,THURSDAY,4,0,0,0,0,0,0,Transport: type 4,0.2627852554176854,0.6685730524066269,,,,,,,,,,,,,,,,,,,,,,,,,,,,,,,,,,,,,,,,,,,,,,,,No,2.0,0.0,2.0,0.0,-1509.0,0,1,0,0,0,0,0,0,0,0,0,0,0,0,0,0,0,0,0,0,,,,,,
149082,0,Cash loans,F,N,Y,2,67500.0,71955.0,8248.5,67500.0,Unaccompanied,Working,Secondary / secondary special,Married,House / apartment,0.028663,-15435,-1801,-1636.0,-4967,,1,1,1,1,1,1,Cooking staff,4.0,2,2,WEDNESDAY,13,0,0,0,0,0,0,Restaurant,0.4605898012178017,0.3119474673789223,0.7503751495159068,,,,,,,,,,,,,,,,,,,,,,,,,,,,,,,,,,,,,,,,,,,,,,,,2.0,0.0,2.0,0.0,0.0,0,1,0,0,0,0,0,0,0,0,0,0,0,0,0,0,0,0,0,0,0.0,0.0,0.0,0.0,0.0,0.0
149698,0,Cash loans,F,N,N,1,81000.0,225000.0,10953.0,225000.0,Unaccompanied,Commercial associate,Secondary / secondary special,Civil marriage,House / apartment,0.026392,-9940,-1380,-1478.0,-2614,,1,1,1,1,1,0,Sales staff,3.0,2,2,FRIDAY,15,0,0,0,0,0,0,Other,0.1589596617846179,0.6399247330317751,0.4382813743111921,0.1433,,0.9925,,,0.16,0.1379,0.3333,,,,0.1493,,0.0274,0.146,,0.9926,,,0.1611,0.1379,0.3333,,,,0.1555,,0.029,0.1447,,0.9925,,,0.16,0.1379,0.3333,,,,0.152,,0.028,,block of flats,0.1234,Panel,No,0.0,0.0,0.0,0.0,-648.0,0,1,0,0,0,0,0,0,0,0,0,0,0,0,0,0,0,0,0,0,0.0,0.0,0.0,1.0,0.0,0.0
153516,0,Cash loans,F,N,Y,0,141750.0,673875.0,21865.5,562500.0,Unaccompanied,Commercial associate,Secondary / secondary special,Married,House / apartment,0.025164,-23292,-250,-2257.0,-4374,,1,1,0,1,0,0,,2.0,2,2,THURSDAY,9,0,0,0,0,0,0,Kindergarten,,0.3063059805709339,0.4276573700350293,0.1747,0.1087,0.9896,0.8572,0.052,0.18,0.1552,0.3542,0.3958,0.1334,0.1425,0.1933,0.0,0.0,0.0914,0.0601,0.9841,0.7909,0.0338,0.0806,0.069,0.3333,0.375,0.0104,0.0799,0.1085,0.0,0.0,0.1764,0.1087,0.9896,0.8591,0.0523,0.18,0.1552,0.3542,0.3958,0.1357,0.1449,0.1968,0.0,0.0,reg oper account,block of flats,0.2709,Panel,No,0.0,0.0,0.0,0.0,-155.0,0,1,0,0,0,0,0,0,0,0,0,0,0,0,0,0,0,0,0,0,0.0,0.0,1.0,0.0,2.0,2.0
163838,0,Cash loans,F,N,Y,0,180000.0,167121.0,12015.0,139500.0,"Spouse, partner",Commercial associate,Secondary / secondary special,Married,House / apartment,0.02461,-20784,-1716,-3969.0,-3969,,1,1,0,1,1,0,Managers,2.0,2,2,TUESDAY,16,0,0,0,0,0,0,Business Entity Type 2,0.7298609328347192,0.6322866828894572,0.4812493411434029,,0.044,0.9826,0.762,0.0172,0.08,0.069,0.3333,0.375,0.0267,0.063,0.0782,,0.0,,0.0457,0.9826,0.7713,0.0174,0.0806,0.069,0.3333,0.375,0.0273,0.0689,0.0815,,0.0,,0.044,0.9826,0.7652,0.0173,0.08,0.069,0.3333,0.375,0.0271,0.0641,0.0796,,0.0,reg oper spec account,block of flats,0.0708,Panel,No,0.0,0.0,0.0,0.0,-1381.0,0,1,0,0,0,0,0,0,0,0,0,0,0,0,0,0,0,0,0,0,0.0,0.0,0.0,2.0,2.0,3.0
169508,0,Cash loans,M,Y,Y,0,360000.0,540000.0,30280.5,540000.0,Family,Commercial associate,Higher education,Married,House / apartment,0.072508,-17899,-1396,-4513.0,-1448,8.0,1,1,0,1,1,0,,2.0,1,1,MONDAY,12,0,0,0,0,0,0,Business Entity Type 3,0.6772031185734193,0.6995019216095887,0.633031641417419,0.1113,0.0351,0.9816,0.7484,0.047,0.08,0.0345,0.625,0.6667,0.0,0.0908,0.1024,0.0,0.0113,0.1103,0.0271,0.9816,0.7583,0.0441,0.0806,0.0345,0.625,0.6667,0.0,0.0964,0.1039,0.0,0.0005,0.1124,0.0351,0.9816,0.7518,0.0473,0.08,0.0345,0.625,0.6667,0.0,0.0923,0.1043,0.0,0.0116,reg oper account,block of flats,0.0828,Block,No,0.0,0.0,0.0,0.0,-1980.0,0,0,0,0,0,0,1,0,0,0,0,0,0,0,0,0,0,0,0,0,0.0,0.0,0.0,0.0,1.0,5.0
184860,0,Cash loans,F,Y,Y,0,225000.0,971280.0,54364.5,900000.0,Unaccompanied,Working,Incomplete higher,Married,House / apartment,0.020713,-18868,-11954,-8254.0,-2268,13.0,1,1,0,1,1,0,Managers,2.0,3,3,THURSDAY,9,0,0,0,0,0,0,Business Entity Type 3,,0.6040578257332085,0.6397075677637197,0.0907,,,,,,0.2069,0.1667,,,,0.0829,,,0.0924,,,,,,0.2069,0.1667,,,,0.0864,,,0.0916,,,,,,0.2069,0.1667,,,,0.0844,,,,block of flats,0.0652,Panel,No,0.0,0.0,0.0,0.0,-1865.0,0,1,0,0,0,0,0,0,0,0,0,0,0,0,0,0,0,0,0,0,0.0,0.0,0.0,0.0,0.0,2.0
187485,0,Cash loans,M,N,Y,0,225000.0,755190.0,36328.5,675000.0,Unaccompanied,Working,Secondary / secondary special,Married,House / apartment,0.030755,-19029,-5146,-8747.0,-2546,,1,1,0,1,0,0,Sales staff,2.0,2,2,TUESDAY,16,0,0,0,0,0,0,Business Entity Type 3,,0.6772889049207736,0.5082869913916046,0.0619,0.0722,0.9881,0.8368,0.0094,0.0,0.1379,0.1667,0.2083,0.0295,0.0504,0.0589,0.0,0.0236,0.063,0.0749,0.9881,0.8432,0.0095,0.0,0.1379,0.1667,0.2083,0.0302,0.0551,0.0614,0.0,0.025,0.0625,0.0722,0.9881,0.8390000000000001,0.0095,0.0,0.1379,0.1667,0.2083,0.0301,0.0513,0.06,0.0,0.0241,reg oper account,block of flats,0.076,Panel,No,0.0,0.0,0.0,0.0,-2864.0,0,1,0,0,0,0,0,0,0,0,0,0,0,0,0,0,0,0,0,0,0.0,0.0,0.0,0.0,0.0,7.0
188077,1,Cash loans,M,Y,Y,0,180000.0,835380.0,40320.0,675000.0,Unaccompanied,State servant,Secondary / secondary special,Single / not married,House / apartment,0.01885,-13989,-5175,-1500.0,-4532,21.0,1,1,0,1,0,0,Security staff,1.0,2,2,THURSDAY,17,0,0,0,0,0,0,Other,,0.6863071010798671,0.6446794549585961,,,0.9682,,,,,,,,,0.0044,,,,,0.9682,,,,,,,,,0.0046,,,,,0.9682,,,,,,,,,0.0045,,,,block of flats,0.0035,,No,1.0,1.0,1.0,1.0,0.0,0,1,0,0,0,0,0,0,0,0,0,0,0,0,0,0,0,0,0,0,0.0,0.0,0.0,0.0,0.0,0.0
189997,0,Cash loans,F,Y,Y,0,157500.0,339948.0,26437.5,315000.0,Unaccompanied,Working,Secondary / secondary special,Married,House / apartment,0.009549,-19868,-3154,-7127.0,-3409,26.0,1,1,0,1,0,0,Accountants,2.0,2,2,WEDNESDAY,14,0,0,0,0,0,0,Business Entity Type 3,0.5785553802073665,0.5830013132636902,0.3016248916841194,0.0186,0.0,0.9896,0.8572,0.0,0.0,0.1034,0.0417,0.0417,0.0208,0.0151,0.0168,0.0,0.0,0.0189,0.0,0.9896,0.8628,0.0,0.0,0.1034,0.0417,0.0417,0.0213,0.0165,0.0175,0.0,0.0,0.0187,0.0,0.9896,0.8591,0.0,0.0,0.1034,0.0417,0.0417,0.0212,0.0154,0.0171,0.0,0.0,not specified,block of flats,0.0132,"Stone, brick",No,2.0,1.0,2.0,1.0,-1713.0,0,1,0,0,0,0,0,0,0,0,0,0,0,0,0,0,0,0,0,0,0.0,0.0,0.0,0.0,0.0,2.0
191941,0,Cash loans,M,Y,Y,1,225000.0,1042560.0,40702.5,900000.0,Unaccompanied,Working,Higher education,Separated,House / apartment,0.022625,-17003,-2839,-9048.0,-447,14.0,1,1,0,1,0,0,Laborers,2.0,2,2,TUESDAY,16,0,0,0,0,0,0,Industry: type 11,,0.6240379914250247,,0.0619,0.0584,0.9737,0.6396,0.0072,0.0,0.1034,0.1667,0.2083,0.0357,0.0496,0.0511,0.0039,0.0053,0.063,0.0606,0.9737,0.6537,0.0072,0.0,0.1034,0.1667,0.2083,0.0365,0.0542,0.0532,0.0039,0.0056,0.0625,0.0584,0.9737,0.6444,0.0072,0.0,0.1034,0.1667,0.2083,0.0364,0.0504,0.052,0.0039,0.0054,reg oper account,block of flats,0.0441,Block,No,0.0,0.0,0.0,0.0,-2451.0,0,0,0,0,0,0,1,0,0,0,0,0,0,0,0,0,0,0,0,0,0.0,0.0,0.0,0.0,0.0,1.0
198356,1,Cash loans,M,N,N,1,135000.0,358443.0,17563.5,252000.0,"Spouse, partner",Commercial associate,Secondary / secondary special,Civil marriage,With parents,0.025164,-14363,-316,-1023.0,-3016,,1,1,0,1,0,0,,3.0,2,2,THURSDAY,14,0,0,0,0,0,0,Construction,,0.1277239647374161,,0.0605,0.0711,0.9786,0.7076,0.0043,0.0,0.1607,0.0833,0.1108,0.0233,0.0488,0.0579,0.0025,0.0074,0.0126,0.0,0.9772,0.6994,0.0,0.0,0.069,0.0417,0.0417,0.0,0.011,0.012,0.0,0.0,0.0167,0.0361,0.9781,0.7048,0.0,0.0,0.069,0.0417,0.0833,0.0,0.0137,0.0153,0.0,0.0059,reg oper account,block of flats,0.0188,"Stone, brick",No,3.0,0.0,3.0,0.0,-263.0,0,1,0,0,0,0,0,0,0,0,0,0,0,0,0,0,0,0,0,0,,,,,,
200322,0,Cash loans,M,Y,N,1,157500.0,360000.0,13842.0,360000.0,Unaccompanied,Working,Secondary / secondary special,Civil marriage,House / apartment,0.0196889999999999,-14763,-2285,-756.0,-4328,4.0,1,1,0,1,0,0,Drivers,3.0,2,2,TUESDAY,15,0,0,0,0,0,0,Transport: type 3,,0.6417316507636472,0.2636468134452008,0.0804,0.0806,0.9747,,,,0.1379,0.1667,,0.0145,,0.0619,,0.0031,0.0819,0.0837,0.9747,,,,0.1379,0.1667,,0.0148,,0.0645,,0.0033,0.0812,0.0806,0.9747,,,,0.1379,0.1667,,0.0147,,0.063,,0.0032,,block of flats,0.0494,"Stone, brick",No,2.0,1.0,2.0,1.0,-429.0,0,1,0,0,0,0,0,0,0,0,0,1,0,0,0,0,0,0,0,0,0.0,0.0,0.0,0.0,0.0,0.0
205320,0,Cash loans,M,N,N,0,112500.0,180000.0,8752.5,180000.0,Unaccompanied,Working,Secondary / secondary special,Single / not married,House / apartment,0.0084739999999999,-14742,-116,-3229.0,-3849,,1,1,0,1,0,0,Security staff,1.0,2,2,THURSDAY,18,0,1,1,0,1,1,Security,,0.307934655548401,0.3656165070113335,,,,,,,,,,,,,,,,,,,,,,,,,,,,,,,,,,,,,,,,,,,,,,,,1.0,0.0,1.0,0.0,-222.0,0,1,0,0,0,0,0,0,0,0,0,0,0,0,0,0,0,0,0,0,0.0,0.0,0.0,0.0,1.0,4.0
209213,0,Cash loans,M,N,Y,0,157500.0,1019610.0,36751.5,913500.0,Unaccompanied,Commercial associate,Secondary / secondary special,Married,House / apartment,0.02461,-13111,-1644,-1615.0,-3105,,1,1,0,1,0,0,,2.0,2,2,WEDNESDAY,13,0,0,0,0,1,1,Legal Services,0.4129499684864599,0.407729481772852,0.6738300778602003,,,,,,,,,,,,,,,,,,,,,,,,,,,,,,,,,,,,,,,,,,,,,,,,2.0,0.0,2.0,0.0,-238.0,0,1,0,0,0,0,0,0,0,0,0,0,0,0,0,0,0,0,0,0,0.0,0.0,0.0,0.0,0.0,0.0
212915,0,Revolving loans,F,N,Y,0,157500.0,405000.0,20250.0,405000.0,Unaccompanied,Working,Higher education,Married,House / apartment,0.007305,-15149,-8472,-2383.0,-4865,,1,1,1,1,1,0,Medicine staff,2.0,3,3,MONDAY,10,0,0,0,0,0,0,Medicine,0.6816600962521668,0.3311880555532257,0.266456808245056,,,,,,,,,,,,,,,,,,,,,,,,,,,,,,,,,,,,,,,,,,,,,,,,1.0,1.0,1.0,1.0,-1481.0,0,0,0,0,0,0,0,0,0,0,0,0,0,0,0,0,0,0,0,0,0.0,0.0,0.0,0.0,0.0,0.0
213156,0,Cash loans,F,N,Y,0,315000.0,933030.0,33642.0,787500.0,Unaccompanied,State servant,Secondary / secondary special,Civil marriage,Municipal apartment,0.010147,-18646,-7686,-9804.0,-2197,,1,1,0,1,1,1,Medicine staff,2.0,2,2,TUESDAY,15,0,0,0,0,0,0,Medicine,0.4609324189790337,0.7229455192120475,0.5762088360175724,0.0361,,0.9747,0.6532,,0.0,0.069,0.125,0.1667,,,0.0252,,,0.0368,,0.9747,0.6668,,0.0,0.069,0.125,0.1667,,,0.0263,,,0.0364,,0.9747,0.6578,,0.0,0.069,0.125,0.1667,,,0.0257,,,reg oper account,block of flats,0.0198,"Stone, brick",No,0.0,0.0,0.0,0.0,-2958.0,0,1,0,0,0,0,0,0,0,0,0,0,0,0,0,0,0,0,0,0,0.0,0.0,0.0,0.0,0.0,0.0
222201,0,Cash loans,F,N,Y,2,225000.0,942300.0,27549.0,675000.0,Unaccompanied,Working,Secondary / secondary special,Married,House / apartment,0.007114,-14113,-82,-296.0,-1032,,1,1,0,1,1,0,High skill tech staff,4.0,2,2,FRIDAY,15,0,0,0,0,0,0,Business Entity Type 3,0.4191198130221989,0.6261800774368832,0.2392262794694045,0.2515,0.1673,,0.8028,,,0.3448,0.1667,0.2083,0.1824,,0.2078,,0.0898,0.2563,0.1736,,0.8105,,,0.3448,0.1667,0.2083,0.1866,,0.2166,,0.0951,0.254,0.1673,,0.8054,,,0.3448,0.1667,0.2083,0.1856,,0.2116,,0.0917,,block of flats,0.183,Panel,No,10.0,2.0,10.0,0.0,-1504.0,0,1,0,0,0,0,0,0,0,0,0,0,0,0,0,0,0,0,0,0,0.0,0.0,0.0,0.0,0.0,1.0
223667,0,Cash loans,F,N,N,0,202500.0,810000.0,23683.5,810000.0,Unaccompanied,Working,Higher education,Married,House / apartment,0.028663,-13421,-4200,-4151.0,-1990,,1,1,1,1,1,0,,2.0,2,2,WEDNESDAY,19,0,0,0,0,0,0,Other,0.6085681260642803,0.4396909324248586,0.5567274263630174,,,,,,,,,,,,,,,,,,,,,,,,,,,,,,,,,,,,,,,,,,,,,,,,3.0,0.0,3.0,0.0,-1690.0,0,1,0,0,0,0,0,0,0,0,0,0,0,0,0,0,0,0,0,0,0.0,0.0,0.0,1.0,0.0,4.0
225361,0,Cash loans,F,Y,N,2,72000.0,562500.0,17185.5,562500.0,"Spouse, partner",Working,Secondary / secondary special,Married,House / apartment,0.015221,-10356,-1738,-6515.0,-2644,24.0,1,1,0,1,0,0,Security staff,4.0,2,2,MONDAY,8,0,0,0,0,0,0,Industry: type 3,0.2437834779739189,0.6284704202195868,0.4382813743111921,,,,,,,,,,,,,,,,,,,,,,,,,,,,,,,,,,,,,,,,,,,,,,,,9.0,0.0,9.0,0.0,-300.0,0,1,0,0,0,0,0,0,0,0,0,0,0,0,0,0,1,0,0,0,0.0,0.0,0.0,0.0,0.0,2.0
234040,0,Revolving loans,F,N,Y,0,135000.0,180000.0,9000.0,180000.0,"Spouse, partner",Working,Secondary / secondary special,Married,House / apartment,0.022625,-7875,-452,-7852.0,-248,,1,1,0,1,0,0,Sales staff,2.0,2,2,MONDAY,9,0,0,0,0,0,0,Business Entity Type 3,0.3327009658050156,0.6360560722384354,,0.066,0.0762,0.9767,0.6804,0.0072,0.0,0.1379,0.1667,0.2083,0.0163,0.0496,0.0523,0.0193,0.0478,0.0672,0.0791,0.9767,0.6929,0.0073,0.0,0.1379,0.1667,0.2083,0.0166,0.0542,0.0545,0.0195,0.0506,0.0666,0.0762,0.9767,0.6847,0.0072,0.0,0.1379,0.1667,0.2083,0.0165,0.0504,0.0533,0.0194,0.0488,reg oper account,block of flats,0.0515,Panel,No,1.0,0.0,1.0,0.0,-807.0,0,0,0,0,0,0,0,0,0,0,0,0,0,0,0,0,0,0,0,0,,,,,,
234224,0,Revolving loans,M,Y,Y,1,180000.0,270000.0,13500.0,270000.0,Unaccompanied,Commercial associate,Secondary / secondary special,Married,House / apartment,0.04622,-12198,-4026,-880.0,-4458,7.0,1,1,1,1,1,0,Security staff,3.0,1,1,TUESDAY,14,0,1,1,0,1,1,Security,,0.6874217861693647,0.7610263695502636,0.0619,0.0728,0.9891,0.8504,0.0102,0.0,0.1379,0.1667,0.2083,0.0,0.0504,0.0546,0.0,0.0,0.063,0.0755,0.9891,0.8563,0.0103,0.0,0.1379,0.1667,0.2083,0.0,0.0551,0.0568,0.0,0.0,0.0625,0.0728,0.9891,0.8524,0.0103,0.0,0.1379,0.1667,0.2083,0.0,0.0513,0.0555,0.0,0.0,reg oper account,block of flats,0.0485,"Stone, brick",No,0.0,0.0,0.0,0.0,-1601.0,0,0,0,0,0,0,0,0,0,0,0,0,0,0,0,0,0,0,0,0,0.0,0.0,0.0,0.0,0.0,2.0
235351,0,Cash loans,F,N,N,0,90000.0,1724220.0,47412.0,1350000.0,Unaccompanied,Pensioner,Secondary / secondary special,Married,House / apartment,0.072508,-23384,365243,-10268.0,-3995,,1,0,0,1,1,0,,2.0,1,1,THURSDAY,16,0,0,0,0,0,0,XNA,,0.7546815773137274,0.746300213050371,0.3778,0.1304,0.9861,,,0.44,0.1897,0.6667,,,,0.3983,,0.0285,0.3435,0.1224,0.9861,,,0.4028,0.1724,0.6667,,,,0.37,,0.0048,0.3815,0.1304,0.9861,,,0.44,0.1897,0.6667,,,,0.4054,,0.0291,,block of flats,0.2907,Panel,No,0.0,0.0,0.0,0.0,-1620.0,0,0,0,0,1,0,0,0,0,0,0,0,0,0,0,0,0,0,0,0,0.0,0.0,0.0,0.0,0.0,0.0
236810,0,Cash loans,F,N,Y,0,171000.0,125136.0,7114.5,99000.0,Unaccompanied,Pensioner,Secondary / secondary special,Separated,House / apartment,0.010032,-19311,365243,-297.0,-2832,,1,0,0,1,0,0,,1.0,2,2,FRIDAY,5,0,0,0,0,0,0,XNA,,0.2575265024303756,,0.0825,0.0794,0.9762,,,,0.1379,0.1667,,0.1115,,0.0706,,0.0,0.084,0.0824,0.9762,,,,0.1379,0.1667,,0.1141,,0.0735,,0.0,0.0833,0.0794,0.9762,,,,0.1379,0.1667,,0.1135,,0.0718,,0.0,,block of flats,0.0555,Panel,No,0.0,0.0,0.0,0.0,0.0,0,0,0,0,1,0,0,0,0,0,0,0,0,0,0,0,0,0,0,0,0.0,0.0,0.0,0.0,0.0,0.0
237558,0,Cash loans,F,N,Y,1,202500.0,1019610.0,33826.5,913500.0,Unaccompanied,Commercial associate,Secondary / secondary special,Married,House / apartment,0.002506,-17131,-568,-11263.0,-673,,1,1,0,1,0,0,Accountants,3.0,2,2,SATURDAY,5,0,0,0,0,0,0,Bank,,0.7601856222336243,0.6127042441012546,0.0649,,0.9856,0.8028,0.0,0.0,0.1838,0.1388,0.0417,,0.053,0.0879,0.0,0.0,0.0662,,0.9891,0.8563,0.0,0.0,0.1379,0.125,0.0417,,0.0579,0.0696,0.0,0.0,0.0656,,0.9891,0.8524,0.0,0.0,0.1379,0.125,0.0417,,0.0539,0.068,0.0,0.0,reg oper account,block of flats,0.0525,,No,0.0,0.0,0.0,0.0,-1079.0,0,1,0,0,0,0,0,0,0,0,0,0,0,0,0,0,0,0,0,0,0.0,0.0,0.0,0.0,0.0,1.0
242055,1,Cash loans,M,N,Y,0,135000.0,728847.0,26307.0,553500.0,"Spouse, partner",Working,Secondary / secondary special,Single / not married,House / apartment,0.020713,-19307,-1646,-7951.0,-2842,,1,1,0,1,1,0,Laborers,1.0,3,2,TUESDAY,5,0,0,0,0,0,0,Business Entity Type 3,,0.4869061961268434,0.5989262182569273,0.1485,0.1124,0.9891,0.8504,0.0383,0.16,0.1379,0.375,0.4167,0.3064,0.121,0.1614,0.0,0.0,0.1513,0.1166,0.9891,0.8563,0.0387,0.1611,0.1379,0.375,0.4167,0.3133,0.1322,0.1681,0.0,0.0,0.1499,0.1124,0.9891,0.8524,0.0386,0.16,0.1379,0.375,0.4167,0.3117,0.1231,0.1643,0.0,0.0,reg oper spec account,block of flats,0.1269,Panel,No,1.0,0.0,1.0,0.0,-1474.0,0,1,0,0,0,0,0,0,0,0,0,0,0,0,0,0,0,0,0,0,0.0,0.0,2.0,0.0,0.0,2.0
244153,0,Cash loans,F,Y,Y,0,135000.0,237024.0,10570.5,180000.0,Unaccompanied,State servant,Secondary / secondary special,Married,House / apartment,0.00733,-16962,-1605,-4572.0,-504,19.0,1,1,0,1,0,1,High skill tech staff,2.0,2,2,WEDNESDAY,17,0,0,0,1,1,1,University,0.3708702039193129,0.5919519944744336,0.4507472818545589,,,,,,,,,,,,,,,,,,,,,,,,,,,,,,,,,,,,,,,,,,,,,,,,8.0,0.0,8.0,0.0,0.0,0,1,0,0,0,0,0,0,0,0,0,0,0,0,0,0,0,0,0,0,0.0,0.0,0.0,1.0,0.0,3.0
247094,1,Cash loans,M,Y,Y,0,180000.0,343800.0,16155.0,225000.0,Unaccompanied,Commercial associate,Secondary / secondary special,Married,House / apartment,0.010556,-16019,-2689,-2097.0,-4428,6.0,1,1,0,1,0,0,Low-skill Laborers,2.0,3,3,MONDAY,16,0,0,0,0,1,1,Industry: type 3,,0.3996860910817813,0.058825900475682,,,,,,,,,,,,,,,,,,,,,,,,,,,,,,,,,,,,,,,,,,,,,,,,0.0,0.0,0.0,0.0,-185.0,0,1,0,0,0,0,0,0,0,0,0,0,0,0,0,0,0,0,0,0,0.0,0.0,0.0,0.0,0.0,4.0
250496,0,Cash loans,F,N,Y,1,360000.0,1078200.0,31653.0,900000.0,Unaccompanied,Working,Incomplete higher,Married,House / apartment,0.035792,-14828,-129,-3338.0,-500,,1,1,0,1,0,0,Private service staff,3.0,2,2,FRIDAY,11,0,0,0,0,0,0,Self-employed,0.5228701356760268,0.7145514413786264,0.2650494299443805,,,,,,,,,,,,,,,,,,,,,,,,,,,,,,,,,,,,,,,,,,,,,,,,0.0,0.0,0.0,0.0,-369.0,0,0,0,0,0,0,1,0,0,0,0,0,0,0,0,0,0,0,0,0,0.0,0.0,0.0,0.0,2.0,0.0
251551,0,Cash loans,M,Y,Y,0,360000.0,1971072.0,59890.5,1800000.0,Unaccompanied,Commercial associate,Higher education,Married,House / apartment,0.0116569999999999,-20717,-7342,-785.0,-4279,18.0,1,1,0,1,0,0,Core staff,2.0,1,1,WEDNESDAY,10,1,1,0,1,0,0,Legal Services,,0.7949725122519816,0.3523399726917038,,,,,,,,,,,,,,,,,,,,,,,,,,,,,,,,,,,,,,,,,,,,,,,,5.0,0.0,5.0,0.0,-3173.0,0,1,0,0,0,0,0,0,0,0,0,0,0,0,0,0,1,0,0,0,0.0,1.0,2.0,1.0,0.0,0.0
261422,0,Cash loans,F,N,Y,0,144000.0,341446.5,15916.5,281907.0,Unaccompanied,Working,Higher education,Civil marriage,House / apartment,0.010032,-14376,-5817,-284.0,-4295,,1,1,0,1,0,0,Cooking staff,2.0,2,2,TUESDAY,9,0,0,0,0,0,0,Kindergarten,,0.2983864973648302,,0.0928,0.0857,0.9786,0.7076,0.0154,0.0,0.2069,0.1667,0.2083,0.0201,0.0756,0.0871,0.0,0.0,0.0945,0.089,0.9786,0.7190000000000001,0.0156,0.0,0.2069,0.1667,0.2083,0.0205,0.0826,0.0907,0.0,0.0,0.0937,0.0857,0.9786,0.7115,0.0155,0.0,0.2069,0.1667,0.2083,0.0204,0.077,0.0886,0.0,0.0,not specified,block of flats,0.0917,Panel,No,0.0,0.0,0.0,0.0,-263.0,0,1,0,0,0,0,0,0,0,0,0,0,0,0,0,0,0,0,0,0,,,,,,
267256,0,Cash loans,M,Y,N,0,180000.0,1129500.0,33025.5,1129500.0,Unaccompanied,Working,Secondary / secondary special,Married,House / apartment,0.031329,-13439,-3013,-1129.0,-4606,21.0,1,1,0,1,0,0,Laborers,2.0,2,2,MONDAY,15,0,0,0,0,0,0,Industry: type 9,0.2372027255102306,0.6565815143934363,0.5495965024956946,0.0247,0.0,0.9851,0.7959999999999999,0.0026,0.0,0.069,0.0833,0.0,0.0163,0.0202,0.023,0.0,0.0065,0.0252,0.0,0.9851,0.804,0.0026,0.0,0.069,0.0833,0.0,0.0167,0.022,0.024,0.0,0.0069,0.025,0.0,0.9851,0.7987,0.0026,0.0,0.069,0.0833,0.0,0.0166,0.0205,0.0234,0.0,0.0067,reg oper spec account,block of flats,0.0195,"Stone, brick",No,0.0,0.0,0.0,0.0,-2057.0,0,1,0,0,0,0,0,0,0,0,0,0,0,0,0,0,0,0,0,0,0.0,0.0,0.0,2.0,0.0,0.0
272323,0,Cash loans,M,Y,N,0,202500.0,1080000.0,57672.0,1080000.0,Unaccompanied,Commercial associate,Higher education,Married,House / apartment,0.032561,-19016,-2390,-10444.0,-2366,3.0,1,1,1,1,1,0,Managers,2.0,1,1,SUNDAY,12,0,0,0,0,0,0,Electricity,,0.7820482790841764,0.6212263380626669,0.2557,0.1792,0.9771,,,0.2,0.1724,0.3333,,,,0.1369,,0.1515,0.2605,0.1859,0.9772,,,0.2014,0.1724,0.3333,,,,0.051,,0.1604,0.2581,0.1792,0.9771,,,0.2,0.1724,0.3333,,,,0.1393,,0.1547,,block of flats,0.2406,"Stone, brick",No,0.0,0.0,0.0,0.0,-523.0,0,0,0,0,0,0,1,0,0,0,0,0,0,0,0,0,0,0,0,0,0.0,0.0,0.0,0.0,0.0,0.0
274844,0,Revolving loans,F,N,Y,0,90000.0,135000.0,6750.0,135000.0,Unaccompanied,Pensioner,Secondary / secondary special,Married,House / apartment,0.031329,-20607,365243,-12420.0,-4166,,1,0,0,1,0,0,,2.0,2,2,FRIDAY,9,0,0,0,0,0,0,XNA,0.7267088733695063,0.2556161560213347,0.2822484337007223,,,,,,,,,,,,,,,,,,,,,,,,,,,,,,,,,,,,,,,,,,,,,,,,1.0,1.0,1.0,1.0,-263.0,0,0,0,0,0,0,0,0,0,0,0,0,0,0,0,0,0,0,0,0,0.0,0.0,0.0,1.0,0.0,1.0
280287,1,Cash loans,M,N,N,1,202500.0,640080.0,29970.0,450000.0,Unaccompanied,Working,Secondary / secondary special,Married,House / apartment,0.018634,-12895,-4943,-874.0,-4615,,1,1,0,1,0,0,Laborers,3.0,2,2,FRIDAY,10,0,0,0,0,0,0,Transport: type 2,,0.4857590063686145,0.6940926425266661,0.0732,0.0148,0.9796,0.7212,0.0284,0.0,0.1379,0.1667,0.0417,0.0358,0.0588,0.0629,0.0039,0.0066,0.0746,0.0153,0.9796,0.7321,0.0287,0.0,0.1379,0.1667,0.0417,0.0366,0.0643,0.0656,0.0039,0.0069,0.0739,0.0148,0.9796,0.7249,0.0286,0.0,0.1379,0.1667,0.0417,0.0364,0.0599,0.0641,0.0039,0.0067,reg oper account,block of flats,0.0495,"Stone, brick",No,0.0,0.0,0.0,0.0,-1689.0,0,1,0,0,0,0,0,0,0,0,0,0,0,0,0,0,0,0,0,0,0.0,0.0,0.0,0.0,0.0,0.0
290979,0,Revolving loans,M,N,N,0,112500.0,180000.0,9000.0,180000.0,Unaccompanied,Working,Secondary / secondary special,Single / not married,With parents,0.035792,-7942,-525,-4659.0,-621,,1,1,0,1,1,0,,1.0,2,2,SATURDAY,12,0,0,0,0,0,0,Business Entity Type 1,0.108280707717553,0.0958284710553849,0.1153866620073356,,,,,,,,,,,,,,,,,,,,,,,,,,,,,,,,,,,,,,,,,,,,,,,,2.0,0.0,2.0,0.0,-38.0,0,0,0,0,0,0,0,0,0,0,0,0,0,0,0,0,0,0,0,0,0.0,0.0,0.0,1.0,1.0,1.0
293167,1,Cash loans,F,N,Y,0,202500.0,715500.0,21051.0,715500.0,Unaccompanied,Working,Secondary / secondary special,Married,House / apartment,0.010276,-13504,-721,-1156.0,-512,,1,1,0,1,0,0,Laborers,2.0,2,2,SATURDAY,14,0,0,0,0,0,0,Business Entity Type 3,0.3550686913326087,0.5338720118071142,,,,,,,,,,,,,,,,,,,,,,,,,,,,,,,,,,,,,,,,,,,,,,,,,5.0,0.0,5.0,0.0,-524.0,0,1,0,0,0,0,0,0,0,0,0,0,0,0,0,0,0,0,0,0,,,,,,
299614,0,Cash loans,F,Y,N,1,144000.0,971280.0,50292.0,900000.0,Unaccompanied,Commercial associate,Secondary / secondary special,Married,Municipal apartment,0.072508,-13979,-429,-7923.0,-3153,6.0,1,1,0,1,1,0,Laborers,3.0,1,1,THURSDAY,19,0,1,1,0,0,0,Transport: type 4,0.7521896315324369,0.7105023064381767,,0.3624,0.1622,0.9886,0.8436,0.0571,0.44,0.1897,0.6042,0.6458,0.0,0.2887,0.417,0.0309,0.1061,0.1775,0.0697,0.9886,0.8497,0.0531,0.2417,0.1034,0.5417,0.5833,0.0,0.1524,0.1604,0.0117,0.1079,0.3659,0.1622,0.9886,0.8457,0.0575,0.44,0.1897,0.6042,0.6458,0.0,0.2937,0.4245,0.0311,0.1083,reg oper account,block of flats,0.5589,Panel,No,2.0,0.0,2.0,0.0,-4.0,0,1,0,0,0,0,0,0,0,0,0,0,0,1,0,0,0,0,0,0,0.0,0.0,0.0,0.0,0.0,2.0
305295,0,Cash loans,M,N,N,0,180000.0,1971072.0,68512.5,1800000.0,Unaccompanied,Commercial associate,Secondary / secondary special,Married,Municipal apartment,0.0116569999999999,-14781,-2443,-8908.0,-4949,,1,1,0,1,1,0,Laborers,2.0,1,1,SUNDAY,21,0,1,1,0,1,1,Business Entity Type 3,0.7308375469517353,0.6568181515380304,0.3927738606031339,0.05,0.0757,0.9791,0.7144,0.1668,0.0,0.1379,0.1667,0.0417,0.0802,0.0391,0.0445,0.0077,0.053,0.0483,0.0722,0.9786,0.7190000000000001,0.1546,0.0,0.1379,0.1667,0.0417,0.0783,0.0404,0.0442,0.0078,0.0423,0.0505,0.0757,0.9791,0.7182,0.1678,0.0,0.1379,0.1667,0.0417,0.0816,0.0398,0.0453,0.0078,0.0541,reg oper account,block of flats,0.0334,"Stone, brick",No,0.0,0.0,0.0,0.0,-1720.0,0,1,0,0,0,0,0,0,0,0,0,0,0,0,0,0,0,0,0,0,0.0,0.0,0.0,1.0,0.0,0.0
310536,0,Cash loans,F,N,N,2,90000.0,227520.0,13189.5,180000.0,Unaccompanied,Commercial associate,Higher education,Married,House / apartment,0.00823,-12298,-946,-6378.0,-4670,,1,1,0,1,0,0,Laborers,4.0,2,2,WEDNESDAY,10,0,0,0,0,0,0,Business Entity Type 2,0.38458200387368,0.2895727653642738,0.622922000268356,0.2227,0.1613,0.9851,0.7959999999999999,0.0736,0.32,0.2759,0.3333,0.375,0.065,0.1816,0.2281,0.0,0.0,0.2269,0.1673,0.9851,0.804,0.0742,0.3222,0.2759,0.3333,0.375,0.0665,0.1983,0.2377,0.0,0.0,0.2248,0.1613,0.9851,0.7987,0.074,0.32,0.2759,0.3333,0.375,0.0661,0.1847,0.2322,0.0,0.0,reg oper account,block of flats,0.2197,Panel,No,0.0,0.0,0.0,0.0,0.0,0,1,0,0,0,0,0,0,0,0,0,0,0,0,0,0,0,0,0,0,0.0,0.0,0.0,0.0,1.0,1.0
314330,0,Cash loans,F,N,Y,0,112500.0,239850.0,23494.5,225000.0,Unaccompanied,Pensioner,Higher education,Widow,House / apartment,0.072508,-25074,365243,-162.0,-4005,,1,0,0,1,0,0,,1.0,1,1,WEDNESDAY,16,0,0,0,0,0,0,XNA,,0.7421710333085877,0.7407990879702335,0.3979,0.2301,0.9921,0.8912,0.2281,0.56,0.2414,0.625,0.5,0.0,0.3219,0.4893,0.0116,0.0047,0.4055,0.2388,0.9921,0.8955,0.2301,0.5639,0.2414,0.625,0.5,0.0,0.3517,0.5098,0.0117,0.005,0.4018,0.2301,0.9921,0.8927,0.2295,0.56,0.2414,0.625,0.5,0.0,0.3275,0.4981,0.0116,0.0048,reg oper account,block of flats,0.3858,Panel,No,0.0,0.0,0.0,0.0,-380.0,0,0,0,0,1,0,0,0,0,0,0,0,0,0,0,0,0,0,0,0,0.0,0.0,0.0,0.0,0.0,3.0
315406,0,Cash loans,F,N,Y,0,135000.0,566055.0,22063.5,472500.0,Unaccompanied,Working,Secondary / secondary special,Married,With parents,0.018801,-10947,-1767,-4553.0,-792,,1,1,0,1,0,0,Drivers,2.0,2,2,THURSDAY,15,0,0,0,0,1,1,Business Entity Type 2,,0.2444598974910602,0.5797274227921155,,,,,,,,,,,,,,,,,,,,,,,,,,,,,,,,,,,,,,,,,,,,,,,,4.0,1.0,4.0,1.0,-237.0,0,1,0,0,0,0,0,0,0,0,0,0,0,0,0,0,0,0,0,0,0.0,0.0,0.0,0.0,0.0,4.0
316166,0,Cash loans,F,N,Y,0,54000.0,225000.0,21919.5,225000.0,Unaccompanied,Pensioner,Lower secondary,Widow,House / apartment,0.0105,-23537,365243,-8943.0,-3991,,1,0,0,1,1,0,,1.0,3,3,SATURDAY,12,0,0,0,0,0,0,XNA,,0.1708060626843829,,0.1237,0.0909,0.9771,0.6872,0.04,0.0,0.2069,0.1667,0.2083,0.015,0.1009,0.1037,0.0,0.0,0.1261,0.0943,0.9772,0.6994,0.0403,0.0,0.2069,0.1667,0.2083,0.0153,0.1102,0.1081,0.0,0.0,0.1249,0.0909,0.9771,0.6914,0.0402,0.0,0.2069,0.1667,0.2083,0.0152,0.1026,0.1056,0.0,0.0,reg oper account,block of flats,0.1034,"Stone, brick",No,0.0,0.0,0.0,0.0,-331.0,0,0,0,0,1,0,0,0,0,0,0,0,0,0,0,0,0,0,0,0,0.0,0.0,0.0,0.0,2.0,2.0
316396,0,Cash loans,F,N,Y,0,225000.0,916470.0,26928.0,765000.0,Unaccompanied,Working,Secondary / secondary special,Single / not married,House / apartment,0.0038179999999999,-20652,-500,-5969.0,-541,,1,1,0,1,0,0,Sales staff,1.0,2,2,THURSDAY,4,0,0,0,0,0,0,Business Entity Type 3,,0.5061900930677599,,,,,,,,,,,,,,,,,,,,,,,,,,,,,,,,,,,,,,,,,,,,,,,,,3.0,0.0,3.0,0.0,-780.0,0,1,0,0,0,0,0,0,0,0,0,0,0,0,0,0,0,0,0,0,0.0,0.0,0.0,0.0,2.0,5.0
318854,0,Cash loans,F,N,Y,0,202500.0,728460.0,44694.0,675000.0,Unaccompanied,Pensioner,Higher education,Married,House / apartment,0.04622,-21230,365243,-13722.0,-4514,,1,0,0,1,0,0,,2.0,1,1,MONDAY,9,0,0,0,0,0,0,XNA,,0.6976601018526285,0.6109913280868294,,,,,,,,,,,,,,,,,,,,,,,,,,,,,,,,,,,,,,,,,,,,,,,,1.0,0.0,1.0,0.0,-939.0,0,0,0,1,0,0,0,0,0,0,0,0,0,0,0,0,0,0,0,0,0.0,0.0,0.0,0.0,0.0,3.0
319388,0,Revolving loans,F,N,Y,0,315000.0,180000.0,9000.0,180000.0,Unaccompanied,Commercial associate,Incomplete higher,Civil marriage,Rented apartment,0.006629,-8959,-404,-3573.0,-760,,1,1,1,1,1,0,Sales staff,2.0,2,2,MONDAY,6,0,0,0,1,1,0,Self-employed,0.1894084411004572,0.661216084063734,0.41534714488434,,,,,,,,,,,,,,,,,,,,,,,,,,,,,,,,,,,,,,,,,,,,,,,,0.0,0.0,0.0,0.0,0.0,0,0,0,0,0,0,0,0,0,0,0,0,0,0,0,0,0,0,0,0,0.0,0.0,0.0,0.0,0.0,0.0
321079,0,Cash loans,M,Y,Y,2,135000.0,584766.0,24903.0,472500.0,Unaccompanied,Commercial associate,Higher education,Married,House / apartment,0.00712,-13264,-3655,-4529.0,-4649,8.0,1,1,0,1,0,0,Drivers,4.0,2,2,TUESDAY,12,0,0,0,0,0,0,Self-employed,0.5167783302643085,0.3292389467340963,,,,,,,,,,,,,,,,,,,,,,,,,,,,,,,,,,,,,,,,,,,,,,,,,2.0,0.0,2.0,0.0,-348.0,0,1,0,0,0,0,0,0,0,0,0,0,0,0,0,0,0,0,0,0,0.0,0.0,0.0,0.0,1.0,5.0
321620,0,Cash loans,F,N,N,0,67500.0,490536.0,15003.0,405000.0,Unaccompanied,Pensioner,Secondary / secondary special,Married,House / apartment,0.009175,-22499,365243,-12240.0,-4400,,1,0,0,1,1,0,,2.0,2,2,THURSDAY,12,0,0,0,0,0,0,XNA,,0.7609899766549443,0.3944954053123993,0.1856,0.1678,0.9836,,,0.2,0.1724,0.3333,,0.1512,,0.2155,,0.0081,0.1891,0.1741,0.9836,,,0.2014,0.1724,0.3333,,0.1547,,0.2245,,0.0086,0.1874,0.1678,0.9836,,,0.2,0.1724,0.3333,,0.1539,,0.2194,,0.0083,,block of flats,0.1932,"Stone, brick",No,1.0,0.0,1.0,0.0,-2.0,0,0,0,0,1,0,0,0,0,0,0,0,0,0,0,0,0,0,0,0,0.0,0.0,0.0,0.0,0.0,0.0
323806,0,Cash loans,F,N,Y,0,112500.0,523152.0,37336.5,463500.0,Unaccompanied,Pensioner,Secondary / secondary special,Married,House / apartment,0.010147,-23743,365243,-13237.0,-4173,,1,0,0,1,0,0,,2.0,2,2,FRIDAY,15,0,0,0,0,0,0,XNA,,0.3111876151015247,0.6894791426446275,0.0186,,0.9816,,,0.0,0.1034,0.0417,,0.0102,,0.0171,,0.0061,0.0189,,0.9816,,,0.0,0.1034,0.0417,,0.0104,,0.0178,,0.0065,0.0187,,0.9816,,,0.0,0.1034,0.0417,,0.0104,,0.0174,,0.0062,,block of flats,0.0134,"Stone, brick",No,0.0,0.0,0.0,0.0,0.0,0,1,0,0,0,0,0,0,0,0,0,0,0,0,0,0,0,0,0,0,0.0,0.0,0.0,0.0,1.0,5.0
324606,0,Cash loans,M,N,Y,0,180000.0,891072.0,45625.5,720000.0,"Spouse, partner",Working,Secondary / secondary special,Married,House / apartment,0.010643,-9970,-119,-2901.0,-2076,,1,1,0,1,0,0,,2.0,2,2,SATURDAY,14,0,0,0,1,1,0,Government,0.0343342445898113,0.6940223764903689,,,,,,,,,,,,,,,,,,,,,,,,,,,,,,,,,,,,,,,,,,,,,,,,,2.0,1.0,2.0,1.0,-948.0,0,1,0,0,0,0,0,0,0,0,0,0,0,0,0,0,0,0,0,0,0.0,0.0,0.0,0.0,0.0,1.0
324619,0,Cash loans,F,N,Y,0,202500.0,1288350.0,37800.0,1125000.0,Family,Working,Secondary / secondary special,Married,House / apartment,0.025164,-15608,-1022,-1073.0,-4797,,1,1,0,1,0,0,Medicine staff,2.0,2,2,WEDNESDAY,9,0,0,0,0,0,0,Other,,0.2974305732549437,0.6058362647264226,,,,,,,,,,,,,,,,,,,,,,,,,,,,,,,,,,,,,,,,,,,,,,,,0.0,0.0,0.0,0.0,0.0,0,1,0,0,0,0,0,0,0,0,0,0,0,0,0,0,0,0,0,0,0.0,0.0,0.0,0.0,1.0,2.0
327632,0,Revolving loans,F,N,Y,0,360000.0,630000.0,31500.0,630000.0,Unaccompanied,Working,Higher education,Single / not married,House / apartment,0.04622,-13642,-372,-12.0,-4218,,1,1,0,1,0,1,,1.0,1,1,FRIDAY,16,1,1,0,0,0,0,Other,0.6649153907918363,0.6830874513084251,0.0444355655900398,,,,,,,,,,,,,,,,,,,,,,,,,,,,,,,,,,,,,,,,,,,,,,,,0.0,0.0,0.0,0.0,-224.0,0,0,0,1,0,0,0,0,0,0,0,0,0,0,0,0,0,0,0,0,0.0,0.0,0.0,0.0,0.0,0.0
331396,0,Cash loans,F,N,Y,0,180000.0,1350000.0,68580.0,1350000.0,Unaccompanied,Working,Secondary / secondary special,Married,House / apartment,0.032561,-21180,-12366,-7812.0,-4170,,1,1,1,1,1,0,,2.0,1,1,THURSDAY,13,0,0,0,0,0,0,Housing,0.9094209061666452,0.6214075736645626,0.5673792367572691,,,0.9771,,,,,,,,,0.0832,,,,,0.9772,,,,,,,,,0.0867,,,,,0.9771,,,,,,,,,0.0847,,,,,0.0706,,No,1.0,0.0,1.0,0.0,-611.0,0,1,0,0,0,0,0,0,0,0,0,0,0,0,0,0,0,0,0,0,0.0,0.0,0.0,13.0,0.0,1.0
333032,0,Revolving loans,F,N,Y,0,74250.0,225000.0,11250.0,225000.0,Unaccompanied,Pensioner,Higher education,Married,House / apartment,0.031329,-22373,365243,-10391.0,-4138,,1,0,0,1,1,0,,2.0,2,2,THURSDAY,13,0,0,0,0,0,0,XNA,,0.627826839482302,0.6430255641096323,0.1979,0.1067,0.9861,0.8096,0.0521,0.16,0.069,0.4583,0.5,0.0914,0.1614,0.1701,0.0,0.0,0.2017,0.1107,0.9861,0.8171,0.0525,0.1611,0.069,0.4583,0.5,0.0935,0.1763,0.1772,0.0,0.0,0.1999,0.1067,0.9861,0.8121,0.0524,0.16,0.069,0.4583,0.5,0.093,0.1642,0.1731,0.0,0.0,reg oper account,block of flats,0.1338,Panel,No,5.0,0.0,5.0,0.0,-399.0,0,0,0,0,0,0,0,0,0,0,0,0,0,0,0,0,0,0,0,0,0.0,0.0,0.0,3.0,1.0,2.0
334258,0,Cash loans,M,N,Y,1,135000.0,675000.0,34596.0,675000.0,"Spouse, partner",Working,Secondary / secondary special,Married,House / apartment,0.005144,-10052,-1410,-4409.0,-2664,,1,1,0,1,0,0,Laborers,3.0,2,2,MONDAY,16,0,0,0,1,1,0,Self-employed,,0.4676720887563897,0.6785676886853644,,,,,,,,,,,,,,,,,,,,,,,,,,,,,,,,,,,,,,,,,,,,,,,,0.0,0.0,0.0,0.0,0.0,0,1,0,0,0,0,0,0,0,0,0,0,0,0,0,0,0,0,0,0,0.0,0.0,0.0,0.0,0.0,1.0
341225,0,Cash loans,M,N,N,0,157500.0,733315.5,40945.5,679500.0,Unaccompanied,Working,Higher education,Single / not married,Municipal apartment,0.02461,-14135,-526,-8212.0,-4487,,1,1,1,1,0,0,Managers,1.0,2,2,THURSDAY,16,0,0,0,0,0,0,Business Entity Type 3,0.2819872150834946,0.5032601071079322,0.6006575372857061,0.3258,0.2469,0.9851,0.7959999999999999,0.2159,0.36,0.3103,0.3333,0.375,0.2519,,0.3475,,0.0415,0.3319,0.2563,0.9851,0.804,0.2179,0.3625,0.3103,0.3333,0.375,0.2577,,0.362,,0.0439,0.3289,0.2469,0.9851,0.7987,0.2173,0.36,0.3103,0.3333,0.375,0.2563,,0.3537,,0.0424,reg oper account,block of flats,0.2823,"Stone, brick",No,1.0,1.0,1.0,1.0,-1909.0,0,1,0,0,0,0,0,0,0,0,0,0,0,0,0,0,0,0,0,0,0.0,0.0,0.0,11.0,0.0,0.0
345134,0,Cash loans,M,Y,N,0,225000.0,454500.0,19255.5,454500.0,Unaccompanied,Working,Higher education,Married,House / apartment,0.014464,-18576,-436,-6316.0,-2078,4.0,1,1,0,1,1,0,Sales staff,2.0,2,2,TUESDAY,11,0,0,0,0,0,0,Business Entity Type 3,,0.6513708764512699,0.5298898341969072,,,0.9836,,,,,,,,,0.1563,,,,,0.9836,,,,,,,,,0.1628,,,,,0.9836,,,,,,,,,0.1591,,,,,0.1466,,No,0.0,0.0,0.0,0.0,-1190.0,0,1,0,0,0,0,0,0,0,0,0,0,0,0,0,0,0,0,0,0,0.0,0.0,0.0,0.0,1.0,1.0
345331,0,Cash loans,M,Y,Y,1,270000.0,675000.0,26284.5,675000.0,Unaccompanied,Working,Secondary / secondary special,Married,House / apartment,0.011703,-12071,-119,-4581.0,-4550,0.0,1,1,0,1,0,0,,3.0,2,2,FRIDAY,11,0,1,1,0,0,0,Security,0.1693832341156713,0.4890206554849536,0.3031463744186309,0.1206,0.1035,0.9776,0.6940000000000001,0.006,0.0,0.2069,0.1667,0.0417,0.0712,0.0975,0.111,0.0039,0.0075,0.1229,0.1074,0.9777,0.706,0.0061,0.0,0.2069,0.1667,0.0417,0.0728,0.1065,0.1156,0.0039,0.0079,0.1218,0.1035,0.9776,0.6981,0.0061,0.0,0.2069,0.1667,0.0417,0.0724,0.0992,0.1129,0.0039,0.0076,reg oper spec account,block of flats,0.0906,Panel,No,2.0,0.0,2.0,0.0,-416.0,0,1,0,0,0,0,0,0,0,0,0,0,0,0,0,0,0,0,0,0,0.0,0.0,0.0,0.0,0.0,6.0
352606,0,Cash loans,F,N,N,0,112500.0,454500.0,25506.0,454500.0,Unaccompanied,Commercial associate,Secondary / secondary special,Married,House / apartment,0.01885,-15549,-2183,-5292.0,-4304,,1,1,1,1,1,0,Sales staff,2.0,2,2,MONDAY,11,0,0,0,0,0,0,Self-employed,,0.697724673501031,0.4188542886233217,0.0247,,0.9732,,,,0.069,0.0833,,,,0.0122,,,0.0252,,0.9732,,,,0.069,0.0833,,,,0.0128,,,0.025,,0.9732,,,,0.069,0.0833,,,,0.0125,,,,block of flats,0.0149,"Stone, brick",No,1.0,0.0,1.0,0.0,-3892.0,0,1,0,0,0,0,0,0,0,0,0,0,0,0,0,0,0,0,0,0,0.0,0.0,0.0,0.0,0.0,0.0
354669,0,Cash loans,F,N,Y,0,675000.0,1305000.0,55291.5,1305000.0,Unaccompanied,Commercial associate,Higher education,Separated,House / apartment,0.018634,-14834,-1260,-371.0,-4347,,1,1,1,1,0,0,Managers,1.0,2,2,WEDNESDAY,13,0,0,0,0,0,0,Industry: type 9,0.8028933723273193,0.4690823500561954,0.5406544504453575,0.0289,,,0.9524,0.0256,0.04,0.0345,0.2083,0.0417,,0.021,0.0711,0.0116,0.0295,0.0294,,,0.9543,0.0259,0.0403,0.0345,0.2083,0.0417,,0.023,0.0741,0.0117,0.0313,0.0291,,,0.953,0.0258,0.04,0.0345,0.2083,0.0417,,0.0214,0.0724,0.0116,0.0302,org spec account,block of flats,0.0764,"Stone, brick",No,0.0,0.0,0.0,0.0,-426.0,0,0,0,0,0,0,1,0,0,0,0,0,0,0,0,0,0,0,0,0,0.0,0.0,0.0,2.0,0.0,0.0
355064,0,Cash loans,F,N,Y,0,90000.0,314100.0,15241.5,225000.0,Unaccompanied,Pensioner,Secondary / secondary special,Single / not married,House / apartment,0.0196889999999999,-14549,365243,-1302.0,-4794,,1,0,0,1,0,0,,1.0,2,2,THURSDAY,16,0,0,0,0,0,0,XNA,,0.6160943601253089,,,,,,,,,,,,,,,,,,,,,,,,,,,,,,,,,,,,,,,,,,,,,,,,No,1.0,1.0,1.0,1.0,0.0,0,0,0,0,1,0,0,0,0,0,0,0,0,0,0,0,0,0,0,0,,,,,,
360927,0,Cash loans,F,N,Y,1,202500.0,1350189.0,39609.0,1179000.0,Unaccompanied,Commercial associate,Secondary / secondary special,Married,House / apartment,0.018634,-13257,-1432,-11130.0,-4177,,1,1,0,1,0,0,Sales staff,3.0,2,2,TUESDAY,16,0,0,0,1,0,1,Self-employed,0.5597189961424922,0.5487858251195121,,,,,,,,,,,,,,,,,,,,,,,,,,,,,,,,,,,,,,,,,,,,,,,,,0.0,0.0,0.0,0.0,-136.0,0,1,0,0,0,0,0,0,0,0,0,0,0,0,0,0,0,0,0,0,,,,,,
362560,0,Cash loans,F,N,Y,0,225000.0,973710.0,28597.5,697500.0,Unaccompanied,Commercial associate,Secondary / secondary special,Married,House / apartment,0.025164,-13564,-1702,-1282.0,-3080,,1,1,0,1,1,0,Managers,2.0,2,2,TUESDAY,11,0,0,0,0,0,0,Business Entity Type 3,0.5090093066028929,0.6154010544579694,0.3123653692278984,0.3784,0.3231,0.9975,0.966,0.3642,0.44,0.1724,0.8333,0.625,0.3505,0.2917,0.7239,0.0772,0.6945,0.3855,0.3353,0.9975,0.9673,0.3675,0.4431,0.1724,0.8333,0.625,0.3585,0.3186,0.7542,0.0778,0.7352,0.382,0.3231,0.9975,0.9665,0.3665,0.44,0.1724,0.8333,0.625,0.3566,0.2967,0.7369,0.0776,0.7091,reg oper spec account,block of flats,0.9195,Mixed,No,0.0,0.0,0.0,0.0,-1185.0,0,0,0,0,0,0,1,0,0,0,0,0,0,0,0,0,0,0,0,0,0.0,0.0,0.0,0.0,0.0,5.0
362773,0,Cash loans,F,Y,Y,1,495000.0,1574532.0,60102.0,1350000.0,Unaccompanied,State servant,Higher education,Single / not married,House / apartment,0.072508,-14293,-6857,-3244.0,-4798,2.0,1,1,0,1,1,0,High skill tech staff,2.0,1,1,MONDAY,10,0,0,0,0,0,0,Military,,0.7714665067988671,0.6971469077844458,0.2325,0.1731,0.9762,0.6736,0.4752,0.2,0.2759,0.25,0.2917,0.0338,0.1849,0.1905,0.0212,0.1256,0.1261,0.1261,0.9762,0.6864,0.2406,0.0,0.2069,0.1667,0.2083,0.0224,0.1102,0.1064,0.0,0.0,0.2347,0.1731,0.9762,0.6779999999999999,0.4782,0.2,0.2759,0.25,0.2917,0.0344,0.1881,0.1939,0.0214,0.1282,reg oper account,block of flats,0.274,Block,No,0.0,0.0,0.0,0.0,-1167.0,0,0,0,0,0,0,1,0,0,0,0,0,0,0,0,0,0,0,0,0,0.0,0.0,0.0,2.0,0.0,1.0
364832,0,Revolving loans,F,Y,Y,0,112500.0,337500.0,16875.0,337500.0,Family,Commercial associate,Higher education,Single / not married,House / apartment,0.011703,-20008,-385,-7540.0,-1993,14.0,1,1,0,1,0,0,Core staff,1.0,2,2,WEDNESDAY,18,0,0,0,0,0,0,Construction,0.8856910333582744,0.7326787372668013,0.656158373001177,,,,,,,,,,,,,,,,,,,,,,,,,,,,,,,,,,,,,,,,,,,,,,,,0.0,0.0,0.0,0.0,-926.0,0,0,0,0,0,0,0,0,0,0,0,0,0,0,0,0,0,0,0,0,0.0,0.0,0.0,0.0,0.0,0.0
365516,0,Cash loans,M,Y,Y,0,90000.0,161730.0,13095.0,135000.0,Unaccompanied,Commercial associate,Secondary / secondary special,Married,House / apartment,0.003069,-15375,-92,-1292.0,-1994,23.0,1,1,0,1,0,0,Drivers,2.0,3,3,TUESDAY,13,0,0,0,0,1,1,Other,,0.5142611450030571,,,,,,,,,,,,,,,,,,,,,,,,,,,,,,,,,,,,,,,,,,,,,,,,,2.0,0.0,2.0,0.0,-509.0,0,1,0,0,0,0,0,0,0,0,0,0,0,0,0,0,0,0,0,0,,,,,,
368999,0,Revolving loans,F,N,Y,0,157500.0,450000.0,22500.0,450000.0,Unaccompanied,Pensioner,Secondary / secondary special,Married,House / apartment,0.0145199999999999,-20887,365243,-13020.0,-3723,,1,0,0,1,0,0,,2.0,2,2,WEDNESDAY,10,0,0,0,0,0,0,XNA,,0.3411229075988826,0.5744466170995097,0.1067,0.0752,0.9821,0.7552,0.013,0.04,0.1379,0.25,0.2917,0.0873,0.0866,0.0864,0.0019,0.0101,0.0777,0.0547,0.9816,0.7583,0.0117,0.0,0.069,0.1667,0.2083,0.065,0.068,0.0808,0.0,0.0,0.1077,0.0752,0.9821,0.7585,0.013,0.04,0.1379,0.25,0.2917,0.0889,0.0881,0.0879,0.0019,0.0103,reg oper account,block of flats,0.061,Panel,No,,,,,-780.0,0,0,0,0,0,0,0,0,0,0,0,0,0,0,0,0,0,0,0,0,0.0,0.0,0.0,0.0,0.0,2.0
378855,0,Revolving loans,M,Y,Y,0,112500.0,135000.0,6750.0,135000.0,"Spouse, partner",Commercial associate,Secondary / secondary special,Married,House / apartment,0.025164,-21332,-140,-1042.0,-4876,13.0,1,1,0,1,0,0,High skill tech staff,2.0,2,2,TUESDAY,9,0,0,0,0,1,1,Agriculture,,0.3280761462759954,0.6380435278721609,,,,,,,,,,,,,,,,,,,,,,,,,,,,,,,,,,,,,,,,,,,,,,,,0.0,0.0,0.0,0.0,-1236.0,0,0,0,0,0,0,0,0,0,0,0,0,0,0,0,0,0,0,0,0,0.0,0.0,0.0,0.0,0.0,6.0
379146,0,Cash loans,F,Y,Y,0,112500.0,585000.0,24786.0,585000.0,Family,Working,Secondary / secondary special,Married,House / apartment,0.018634,-12690,-231,-5508.0,-872,38.0,1,1,1,1,0,0,Sales staff,2.0,2,2,THURSDAY,9,0,0,0,0,1,1,Self-employed,,0.5394236672981013,0.5370699579791587,,,,,,,,,,,,,,,,,,,,,,,,,,,,,,,,,,,,,,,,,,,,,,,,0.0,0.0,0.0,0.0,-2072.0,0,1,0,0,0,0,0,0,0,0,0,0,0,0,0,0,0,0,0,0,0.0,0.0,0.0,0.0,0.0,0.0
386206,1,Cash loans,M,N,Y,0,315000.0,594081.0,30460.5,531000.0,Unaccompanied,Commercial associate,Secondary / secondary special,Married,House / apartment,0.032561,-15537,-3951,-8074.0,-4006,,1,1,0,1,0,0,Laborers,2.0,1,1,THURSDAY,15,0,0,0,0,0,0,Business Entity Type 2,,0.4466033653954006,0.3979463219016906,,,0.9493,,,,,,,,,,,,,,0.9494,,,,,,,,,,,,,,0.9493,,,,,,,,,,,,,block of flats,0.0336,,No,1.0,1.0,1.0,1.0,-209.0,0,1,0,0,0,0,0,0,0,0,0,0,0,0,0,0,0,0,0,0,0.0,0.0,0.0,0.0,0.0,3.0
391796,0,Cash loans,F,N,Y,1,81000.0,177903.0,12649.5,148500.0,Unaccompanied,Working,Secondary / secondary special,Single / not married,House / apartment,0.00823,-14053,-318,-4587.0,-4591,,1,1,0,1,0,0,Sales staff,2.0,2,2,FRIDAY,12,0,0,0,0,0,0,Self-employed,,0.4374241287955937,,,,,,,,,,,,,,,,,,,,,,,,,,,,,,,,,,,,,,,,,,,,,,,,,0.0,0.0,0.0,0.0,-714.0,0,1,0,0,0,0,0,0,0,0,0,0,0,0,0,0,0,0,0,0,0.0,0.0,0.0,1.0,2.0,2.0
401802,0,Cash loans,M,N,N,0,270000.0,675000.0,21906.0,675000.0,Unaccompanied,Working,Higher education,Single / not married,House / apartment,0.018801,-9636,-674,-4475.0,-2246,,1,1,0,1,0,0,,1.0,2,2,SUNDAY,8,0,1,1,0,1,1,Police,,0.8549996664047012,,0.0701,0.0843,0.9811,,,0.0,0.1379,0.1667,,0.0701,,0.0627,,0.0079,0.0714,0.0875,0.9811,,,0.0,0.1379,0.1667,,0.0717,,0.0654,,0.0083,0.0708,0.0843,0.9811,,,0.0,0.1379,0.1667,,0.0713,,0.0639,,0.008,,block of flats,0.0553,"Stone, brick",No,0.0,0.0,0.0,0.0,0.0,0,1,0,0,0,0,0,0,0,0,0,0,0,0,0,0,0,0,0,0,,,,,,
405722,0,Cash loans,F,N,Y,0,180000.0,669600.0,26685.0,598500.0,Unaccompanied,Pensioner,Secondary / secondary special,Married,House / apartment,0.025164,-23023,365243,-4037.0,-4525,,1,0,0,1,1,0,,2.0,2,2,MONDAY,8,0,0,0,0,0,0,XNA,,0.5347806801049,0.7281412993111438,0.366,0.2028,0.9871,0.8232,0.1948,0.36,0.3103,0.375,0.4167,0.0,0.2933,0.1563,0.0232,0.0218,0.3729,0.2104,0.9871,0.8301,0.1966,0.3625,0.3103,0.375,0.4167,0.0,0.3205,0.1629,0.0233,0.023,0.3695,0.2028,0.9871,0.8256,0.196,0.36,0.3103,0.375,0.4167,0.0,0.2984,0.1591,0.0233,0.0222,reg oper account,block of flats,0.2342,Panel,No,0.0,0.0,0.0,0.0,-697.0,0,0,0,0,1,0,0,0,0,0,0,0,0,0,0,0,0,0,0,0,0.0,0.0,0.0,0.0,2.0,3.0
414014,0,Cash loans,M,Y,N,0,225000.0,1886850.0,49905.0,1575000.0,Unaccompanied,Commercial associate,Higher education,Married,House / apartment,0.018634,-14319,-426,-3623.0,-1718,6.0,1,1,0,1,0,0,High skill tech staff,2.0,2,2,THURSDAY,11,0,0,0,0,0,0,Industry: type 3,0.7034538696079261,0.6080413930588995,0.7421816117614419,,,,,,,,,,,,,,,,,,,,,,,,,,,,,,,,,,,,,,,,,,,,,,,,0.0,0.0,0.0,0.0,-633.0,0,1,0,0,0,0,0,0,0,0,0,0,0,0,0,0,0,0,0,0,0.0,0.0,0.0,0.0,0.0,0.0
416548,0,Cash loans,F,N,Y,1,157500.0,500566.5,37557.0,472500.0,Unaccompanied,State servant,Secondary / secondary special,Married,House / apartment,0.0196889999999999,-10608,-1270,-9773.0,-2696,,1,1,0,1,1,0,Medicine staff,3.0,2,2,WEDNESDAY,14,0,0,0,0,0,0,Medicine,0.6818058594207469,0.7024126166132515,0.6528965519806539,0.1227,0.1287,0.9866,0.8164,0.0727,0.0,0.2759,0.1667,0.0417,0.1602,0.1,0.1215,0.0,0.0,0.125,0.1335,0.9866,0.8236,0.0734,0.0,0.2759,0.1667,0.0417,0.1639,0.1093,0.1266,0.0,0.0,0.1239,0.1287,0.9866,0.8189,0.0732,0.0,0.2759,0.1667,0.0417,0.163,0.1018,0.1237,0.0,0.0,,block of flats,0.1353,Panel,No,3.0,1.0,3.0,1.0,-2079.0,0,1,0,0,0,0,0,0,0,0,0,0,0,0,0,0,0,0,0,0,0.0,0.0,0.0,1.0,2.0,2.0
417590,0,Cash loans,F,Y,Y,0,189000.0,1350000.0,39604.5,1350000.0,Unaccompanied,Working,Higher education,Civil marriage,House / apartment,0.0228,-16187,-1995,-1104.0,-4885,1.0,1,1,0,1,0,0,Core staff,2.0,2,2,WEDNESDAY,14,0,0,0,0,0,0,School,,0.4058139940587504,0.7530673920730478,0.099,0.1201,0.9776,0.6940000000000001,0.0634,0.0,0.2069,0.1667,0.0417,0.0156,0.0807,0.0752,0.0,0.0,0.1008,0.1247,0.9777,0.706,0.064,0.0,0.2069,0.1667,0.0417,0.0159,0.0882,0.0784,0.0,0.0,0.0999,0.1201,0.9776,0.6981,0.0638,0.0,0.2069,0.1667,0.0417,0.0159,0.0821,0.0766,0.0,0.0,reg oper account,block of flats,0.0938,"Stone, brick",No,2.0,0.0,2.0,0.0,-478.0,0,1,0,0,0,0,0,0,0,0,0,0,0,0,0,0,0,0,0,0,0.0,0.0,0.0,1.0,0.0,0.0
418298,0,Cash loans,M,Y,Y,0,180000.0,808650.0,29839.5,675000.0,Unaccompanied,Working,Secondary / secondary special,Widow,House / apartment,0.003813,-21065,-906,-11470.0,-4434,13.0,1,1,0,1,0,0,Drivers,1.0,2,2,FRIDAY,10,0,0,0,0,1,1,Self-employed,,0.4896927788523493,,,,,,,,,,,,,,,,,,,,,,,,,,,,,,,,,,,,,,,,,,,,,,,,,0.0,0.0,0.0,0.0,-538.0,0,0,0,0,0,0,1,0,0,0,0,0,0,0,0,0,0,0,0,0,,,,,,
423442,0,Cash loans,M,Y,N,0,135000.0,171000.0,8446.5,171000.0,Unaccompanied,Working,Higher education,Single / not married,House / apartment,0.006296,-12205,-351,-5136.0,-288,14.0,1,1,0,1,0,0,Drivers,1.0,3,3,WEDNESDAY,16,0,0,0,0,1,1,Government,0.1953020948715324,0.3194728701645372,0.5919766183185521,,,,,,,,,,,,,,,,,,,,,,,,,,,,,,,,,,,,,,,,,,,,,,,,0.0,0.0,0.0,0.0,-85.0,0,1,0,0,0,0,0,0,0,0,0,0,0,0,0,0,0,0,0,0,0.0,0.0,0.0,0.0,2.0,1.0
428890,0,Cash loans,F,Y,Y,1,117000.0,219069.0,10669.5,148500.0,Unaccompanied,Working,Secondary / secondary special,Married,House / apartment,0.035792,-13950,-4955,-2143.0,-4697,20.0,1,1,0,1,0,1,,3.0,2,2,FRIDAY,10,0,0,0,0,0,0,Other,0.4917739764853701,0.6102488997889228,0.6940926425266661,,,,,,,,,,,,,,,,,,,,,,,,,,,,,,,,,,,,,,,,,,,,,,,,0.0,0.0,0.0,0.0,-2674.0,0,1,0,0,0,0,0,0,0,0,0,0,0,0,0,0,0,0,0,0,0.0,0.0,0.0,1.0,0.0,1.0
433688,0,Cash loans,M,Y,N,2,225000.0,997335.0,32301.0,832500.0,Unaccompanied,Working,Secondary / secondary special,Married,House / apartment,0.018029,-14048,-3079,-5703.0,-4392,24.0,1,1,0,1,0,0,Laborers,4.0,3,3,FRIDAY,6,0,0,0,0,0,0,Business Entity Type 3,,0.5835753549364561,0.3409064264152384,0.1402,,0.9816,,,0.0,0.0345,0.1667,,,,0.0723,,0.0026,0.1429,,0.9816,,,0.0,0.0345,0.1667,,,,0.0753,,0.0027,0.1416,,0.9816,,,0.0,0.0345,0.1667,,,,0.0736,,0.0026,,block of flats,0.0569,Panel,No,2.0,0.0,2.0,0.0,-2034.0,0,1,0,0,0,0,0,0,0,0,0,0,0,0,0,0,0,0,0,0,0.0,0.0,0.0,0.0,0.0,1.0
443468,0,Cash loans,M,Y,Y,0,135000.0,225000.0,12334.5,225000.0,Unaccompanied,Commercial associate,Secondary / secondary special,Married,House / apartment,0.035792,-17601,-8733,-10183.0,-1162,28.0,1,1,0,1,0,0,Laborers,2.0,2,2,WEDNESDAY,15,0,0,0,0,0,0,Other,,0.3465200816447525,0.5046813193144684,,,,,,,,,,,,,,,,,,,,,,,,,,,,,,,,,,,,,,,,,,,,,,,,3.0,0.0,3.0,0.0,-2578.0,0,1,0,0,0,0,0,0,0,0,0,0,0,0,0,0,0,0,0,0,0.0,0.0,0.0,0.0,0.0,0.0
448321,0,Cash loans,F,N,Y,0,180000.0,254700.0,27558.0,225000.0,Unaccompanied,Commercial associate,Incomplete higher,Single / not married,House / apartment,0.006629,-8486,-977,-2873.0,-852,,1,1,0,1,0,0,Accountants,1.0,2,2,MONDAY,5,0,0,0,0,0,0,Restaurant,,0.1545652281584149,,,,,,,,,,,,,,,,,,,,,,,,,,,,,,,,,,,,,,,,,,,,,,,,,0.0,0.0,0.0,0.0,-695.0,0,1,0,0,0,0,0,0,0,0,0,0,0,0,0,0,0,0,0,0,,,,,,
454016,0,Cash loans,M,Y,Y,2,315000.0,379237.5,23044.5,288000.0,Unaccompanied,Commercial associate,Secondary / secondary special,Married,House / apartment,0.04622,-16460,-693,-2150.0,-14,8.0,1,1,0,1,0,1,Laborers,4.0,1,1,FRIDAY,15,0,0,0,1,1,1,Business Entity Type 3,0.4222132959816925,0.3240349653169881,0.4830501881366946,,,,,,,,,,,,,,,,,,,,,,,,,,,,,,,,,,,,,,,,,,,,,,,,0.0,0.0,0.0,0.0,-1466.0,0,0,0,0,0,0,1,0,0,0,0,0,0,0,0,0,0,0,0,0,0.0,0.0,0.0,0.0,0.0,0.0
454894,1,Cash loans,M,N,N,0,135000.0,474183.0,34636.5,391500.0,Unaccompanied,Commercial associate,Secondary / secondary special,Single / not married,House / apartment,0.011703,-17791,-1651,-1033.0,-1345,,1,1,0,1,1,0,Laborers,1.0,2,2,TUESDAY,10,0,0,0,0,0,0,Business Entity Type 3,,0.6757048421402819,0.4543210601605785,0.0082,0.0263,0.9682,,,0.0,0.0345,0.0417,,0.0151,,0.0083,,0.0,0.0084,0.0273,0.9682,,,0.0,0.0345,0.0417,,0.0155,,0.0086,,0.0,0.0083,0.0263,0.9682,,,0.0,0.0345,0.0417,,0.0154,,0.0084,,0.0,,block of flats,0.0065,Block,No,2.0,0.0,2.0,0.0,-2016.0,0,1,0,0,0,0,0,0,0,0,0,0,0,0,0,0,0,0,0,0,0.0,0.0,0.0,0.0,0.0,4.0
